feature_0,feature_1,feature_2,feature_3,feature_4,label
-2.197182731266755,-0.48900299639148553,-0.7999208387593045,0.6250373829594691,-0.3907231243612393,0
0.15614197523797518,0.5019969466138909,-0.27085709491357357,-1.0628781542913286,1.2962904685117063,1
-1.3338946297107042,0.1413006764926975,-0.8538697625678761,-0.45717348733893554,-1.5790159987867396,1
-1.0021316328712713,-0.06389160916313874,1.0919893036091124,2.1913220977649503,2.181746609927477,1
-0.3201390010066947,1.2366924811205247,0.40876197986669816,0.013999796904417893,-1.367233816179537,1
-0.6636284463439049,0.17180586041538076,-0.004052019932685901,0.3293531964305863,-0.7792604284045989,0
-0.3072741066348376,-1.0880817234514684,-0.4843927160100765,-0.4522419164004425,-1.3794415942809404,0
1.503540124313993,-0.017033696167602225,0.3063963580765523,0.8543930980661992,2.9922769119610244,1
-0.5310980291406376,0.4975034285905161,0.8553784032963252,-0.10775703930015282,-0.9785791556269106,1
-0.1659092331172013,-0.9003092440241742,-0.22041181252076628,1.611049155810679,-0.18058009256779578,1
-1.18731920766691,-0.7583070551919224,0.20987692520659176,-1.3676888462492252,1.3940040692867401,1
0.7095986372433218,2.237039828406356,-1.501733621884354,1.241155068605587,-0.38224477794023837,1
1.2536170842107721,0.046353323947471145,1.4296912139783289,1.3150675692548108,2.0378982288224075,1
-1.4088506486284333,0.7857840747902483,-0.30656602453145787,1.8102706466671985,0.7455957896530834,1
-0.5219285741945381,1.8470529184955884,0.3799101229286297,4.247077777281206,1.0463437643590014,1
0.2279252781314036,-0.327481648349034,-1.5769421349605244,-1.5428627546003306,-0.43761709424019934,0
-1.1402978748018764,0.1439565335915136,-1.2194191850288787,0.3338596348521369,-0.19372027318846724,0
0.008704098693004205,0.6285406856115919,-0.3100245447572043,-0.12019259037107743,-1.4606306018256292,1
0.35209821189461193,2.4615829805904226,0.6328698100065296,4.108684077534081,-0.5422884015156056,1
-0.6710360844731842,0.8233778106670304,0.28002123368108167,0.8270796150276137,1.764600143236788,1
1.0249013843298551,-1.0183853293412857,-2.122068156313253,-0.40592419744812547,0.0025587715075889306,0
0.8743172561156365,-1.4550086015460197,-0.20772492491456584,-0.8572596830660423,-0.2998732350712834,0
-1.146686913012697,1.2701372516308318,0.8231165367771975,-0.2537391429873175,-1.5639020825260168,1
-0.847079321158977,-1.3171010808662338,0.4221537828835781,1.341395857057843,-1.1679315666676464,0
1.9353164369556501,1.9876361628732693,-0.32066064832237284,0.42842472551247235,1.5507699873179575,1
0.6002266995924638,1.0138144353586016,0.272528002077457,0.5901516798333013,0.9875229621994691,1
-1.626377022329917,-0.9582378711177884,-0.5713036262375075,0.1845084778746022,-2.2064588912987273,0
0.6716738600996509,-1.1279860337860863,-0.284001218040368,-1.1682127109504532,-0.8309329654904695,0
-0.3252678760468982,2.045698040481963,-0.42012697694202233,1.9284461793664311,0.3512074322243256,1
-0.42305562730719254,-1.798720528567032,2.0753080166145064,1.2347309596688727,-1.5558516866524403,0
-0.7530102770676339,-0.08521532757187031,1.886176265109301,0.3044760711977027,-0.7638479301877115,0
-0.7853241789358885,-0.25062145956452975,-0.6759726413688408,0.9623516480228899,1.2750196976826615,1
0.23550756547845547,0.4006585456690931,0.14088798955340148,1.0761132968883254,-1.0503651914005299,1
0.2855440917187716,-0.2342421301976635,0.5281304670673552,0.7255599743685331,-0.2673028514756316,0
0.7670138044766796,-0.31128018825817155,1.0266088786341132,0.25175558194003195,-0.8070675187247044,0
0.08533932872272891,2.2497190225693986,0.09773175638592896,1.0505381572107184,-1.5932805683659088,1
0.9371961897261082,-3.8131916733965676,0.25278972434848496,1.4549723317572614,-3.6240412209083623,0
-1.7441366926706854,-1.6529648257456064,-0.054748199997616376,1.3877983174680093,-1.6437869667609952,0
-2.791277911264239,0.4530717145130605,0.6629619334786118,1.1271343253089368,-1.223469070135119,1
1.5317088398410295,-0.6681769303920313,0.7719055828142002,0.10685572901434648,-2.4670459669822553,1
1.4706968151600015,0.7145836842371875,1.5804214348550403,1.2917416672819613,0.24802101385514363,1
0.9848851000186899,-0.5616738431531731,-1.4148790705797802,-0.4246506344460848,2.2544709483074192,1
0.4543262461295928,0.9398859507816663,-1.7061912869443923,0.6116316246574134,-2.290655506091685,1
-0.3246320207486809,-1.678908468808607,0.004158970341881951,0.4548268330193618,-2.77616539779322,0
-1.8610453966459537,0.7979494051172972,0.010549807099645814,0.7388456290018367,-1.1574263824009996,1
-1.2584135967833616,1.7343729453321846,0.46766257423119456,1.3508236583891247,1.5711254633826368,1
0.06044145327313974,1.2682632138433036,0.7455346081074774,2.8585731499958578,-0.47950936558838253,1
-0.7769009711318994,0.894680434266046,-0.970331708207441,1.6305595345479826,1.1217064810802748,1
-0.9228078958966089,0.9356841525548452,0.028800621331239423,0.8857822468754617,1.5166360325306236,0
-0.8598910740440725,1.1395391664217687,-0.8793637929894175,0.9645395491225623,0.5008708058142494,1
0.5165860125737292,1.7020102099365029,-1.6410703156604654,1.1649535668824884,0.9612184775462892,1
-0.678538202407503,0.2749204019459238,-0.6905299035363162,1.07745792035539,-0.2461536688705475,0
-1.0697446171830087,2.8395625368764352,1.4321977800564587,2.65278471266167,1.5313273564945178,1
0.545660911452194,-0.7152019128952672,1.310095317130671,-1.5743441274585002,-0.45846259420629526,0
0.37761251857580447,0.3608608010812789,-0.4910313972583099,0.15650811363144124,-1.9883064516480133,1
1.3437955386892946,-1.267643377727495,-0.4701619326416002,-0.31094130889011806,-1.0331739234920352,0
-0.13497593174106182,0.24367429747959726,0.08721555566003306,0.13990860369027378,-2.659245530428407,1
0.39562483089158407,-2.411082666313467,0.3295557197622953,1.9161023388346465,-1.8640323714720914,0
1.113010537590688,2.0236463042017308,-1.5135923431875458,1.4889840610119986,0.22169224130058846,1
-0.7364840466145106,-1.595494478936939,0.9934201569891596,-0.9665336433550835,0.2168533873718107,0
-0.5610187656535224,1.7957963896518325,-0.609284486774951,2.4329536993533676,0.3294089301004823,1
-0.8015367439881171,-0.7631849372016143,0.4024489753715103,0.1430742980961433,-3.0271979372054054,1
2.162651473051226,2.5684038833013005,1.0531707276804034,1.3477304981542615,0.36589759696690033,1
-0.0033303555228419435,-1.0838013348796254,0.8658491978747411,-0.8881220224456536,-0.5510904055504247,0
-0.5864808038877447,-1.3614027536783073,0.6401152016904794,-1.0201312940063165,-0.07500769022978895,0
1.0746666371145663,2.4748541204836823,-0.8561809802436867,3.1003794765107555,0.9705925578931989,1
-1.8056009744641162,-1.05141433208658,-0.1860827268007495,0.10165407963012454,-2.0691246774299414,0
-0.4001090675431732,-0.8578944217789952,-0.49433810638041753,-1.9962319494227505,0.6282267028607218,0
-0.4945236960147845,-1.4972781775005441,-0.4244376747785839,-0.21734890817340705,-1.2155706015488716,0
0.608358621456978,-0.5996566398053893,-0.25766440382071565,-1.9251464943621315,0.06877488704371236,0
-0.36445953950552085,-0.8550330121532017,-0.06355740719486114,0.8608606548784633,-0.4892454103528858,0
-0.05164327558026635,-1.2033668304061256,-0.6306403637172561,0.7702491606425056,-2.4565578156564785,0
1.0057069369947018,-0.47184268924041206,0.05497566649955249,0.9097827016062876,-0.9234244351755041,0
-0.15841597934769058,0.5111608978857263,-0.026343515604713846,1.6571281718584703,1.695390243737579,1
-0.2506378683058222,-1.0365532798027337,0.36910692310547794,1.506538866878112,-0.5112741944294721,0
-0.40857202354741795,-1.7583462881797085,0.31302789442098095,1.1447924224734625,-1.8103948181618217,0
0.5057852736235326,1.028680225490126,0.7086967079702784,2.423331835854327,1.3772160467967296,1
0.7725484287406786,-0.8090743117921632,1.0175651440677804,1.2752942448921625,-0.5845782511294344,0
-1.3111968370565212,-0.6265973112100109,1.0411294291261426,0.7762370957323739,-1.104988674890674,0
0.22051319208427508,0.41801742277448073,-0.49400101966155857,1.296833311446175,-1.4386038881025938,1
0.47285427812943,1.50850983196014,0.5098331684197694,2.604179484328199,-0.6629476892357615,1
1.3984946651644958,-1.240198710375942,-0.13701098657470726,1.2974207435688376,-0.43768851585773105,0
1.5332215032734602,1.682645240643969,0.6877636735844841,2.7373178161797584,0.8764137376286615,1
-0.07563485450788605,-0.7989725757131165,0.553160233151003,-1.8953655534871305,-1.0106188420510205,0
1.3688998185967294,-0.13856062467065872,-0.3296633955689461,0.44183024426613454,-1.1477291880695146,0
0.6702031653197633,0.8460778842207659,0.6546980442308146,1.1187838340685365,1.232613041817131,0
0.19610928382706247,-1.5594481723156368,0.22845748291878604,-1.1690578364986592,-0.10527639881186776,0
1.0660758158399275,1.1030721603038671,0.40414340017372546,0.1763599033536726,-1.4171457371944884,1
-0.771438268571765,1.0799125439292687,-0.0765938147191549,-0.3546720824936216,0.4522301720704511,1
2.941229605959154,0.9140792174597947,0.1814062261690735,2.3218907488941083,0.60198809484741,1
1.104175760700016,-0.9199225844876765,0.6410617014204003,-2.215656046396136,-0.37282905477312733,0
0.6829366275624781,0.9688583350615141,-0.37224532509664854,2.1418082869641943,0.9471267297368684,1
-0.2192688567632231,-0.1635667717357974,-1.0040895439909032,3.7473623176690096,-0.11870857766034992,1
-1.1245606450916095,-1.620120200141855,1.8306954352526799,1.2967402504961258,-2.5370730191510584,0
0.3501646897055195,0.21418228604142756,-0.26443763883507626,0.9474390649937983,-1.2646584267155159,1
-2.3263084216835224,-0.35309444410088375,-1.283697480769733,-1.8859887065220604,-0.3793267334378694,0
-0.224593895842001,-0.39808215438003575,-0.3403247266035391,-0.05455633472277972,1.503642789167527,1
0.21257267262050636,1.298930171428928,0.6311751896693805,-0.05624495630563245,-1.6068188963851557,1
-1.109822595304875,-0.9089824968008667,-1.1420793480693636,-2.8795630118461197,0.08466479731609455,0
0.7270978277463307,-1.0407373075035724,1.9960872020426677,0.7369517470789336,-1.5555787194136712,0
0.30909231707692963,-0.9830465360812329,0.23858353749035868,2.025896104293107,-0.10712784511345513,0
1.335458103334167,0.2862096161001678,-1.0970016511818088,2.5803039427807315,-0.16208900969090062,1
-1.7162377102983861,-0.5293549655503625,-0.15187547615015254,0.3150743080742486,-0.7359923054955746,0
1.0092639717102538,0.6758911191835196,1.236223171024933,2.663324155137113,-0.12718043631048093,1
-0.084338893033269,-0.928888371130347,0.5932412601195256,1.7492692952855649,-0.5202816845525275,0
-1.1401921389456395,-0.5141207947930239,-1.2187191827175816,-1.0209259883980053,-1.4210028744186152,0
1.2022215032672987,-0.7104410174375962,-1.3446932316844034,-2.7557002723848374,0.814433545437155,0
0.619547117426869,0.016124486212517955,-0.8851569947461597,-0.5993076980043824,1.1282023152807212,1
1.0799056141431012,0.02919335398535257,1.7272627123326254,-0.3678099013623328,-1.1582325049466853,0
-0.12689551284042094,-0.7758254981227062,1.0711539572933961,-2.1836871250831673,-0.13105747851337504,0
0.44752626196086787,-0.6707959491448023,0.9287987912101915,0.018176618303390096,1.838335744558338,1
-0.8854630373914056,1.4810854024242217,-0.24665121036146917,1.9175901304908187,-0.317817073497201,1
0.13063441652882277,-0.5878732368688788,0.24057117666962274,-2.0263232237548108,-0.1362572595189463,0
-2.8552474737188165,-0.3631925408637008,-0.8780671996653652,1.0137765811683968,-0.63257392315837,0
-1.4803984991924282,3.0175883297129795,0.3769642200758823,2.5178253243307176,0.10542779844451342,1
-1.6907325708186887,-1.6426033957760704,1.9041306218369278,0.16357412643907634,-0.9247543882476735,0
0.7400078347902709,-1.459439799176114,-2.5187735195637706,1.2495192224917364,-0.6584114326108791,0
0.8459397651258797,-1.228891776408478,1.5701617331403441,-0.2876691284729992,-1.045106388523517,0
0.25288371134122095,1.3888198433936365,1.2920137024106162,1.0864572363768188,-0.506037385460512,1
3.02223460895989,-2.0798376682123205,1.1569038488892571,-1.0722976837619163,0.4661097114311378,0
-0.17156360827366202,2.296616636524678,0.23124376636238952,2.0716596609197517,-0.3222891165959435,1
0.8690482628313907,-0.5546498517193894,-0.8617359690568231,-1.8891128541488746,0.413838544450092,0
-1.1944904874468558,-0.4176102872151609,0.9589070082871917,-1.41275906905546,-1.1631858928214462,0
0.9867109255888998,-1.139847541676121,-1.6604998252790866,-1.5269307440529678,-0.028545532410891195,0
-0.4498060192170979,2.9474993722740845,0.23181489086422735,4.3462085936214265,0.0782840140400422,1
0.07522209314847643,0.7954387385920721,-0.3724986289569669,2.657450702788461,1.0008257039268433,1
-0.7464755819933782,0.39077780428196857,-0.16916846993306633,1.429404203519851,-0.7670296382474673,1
0.6591991937880817,2.392303678665379,0.7167572878459203,2.318470670758428,0.19233087744265676,1
-0.15034523513373022,-0.13361371812783268,-1.1134511797150692,0.5556498380481776,-0.8874312869882757,0
-0.627042102578345,-0.9197982682231614,-0.789234282940427,-1.0330946201722893,-0.14885112788627805,0
-0.6323063268178468,0.3286078821293869,-1.4800794063166536,-0.8718539770982896,-0.06392307352785569,1
1.1466451603700267,1.146889969538325,-0.34144866191535483,0.7966735032390664,-0.8366626092800935,1
-0.26055881215437177,-0.8270310923228118,-0.5884849278147315,-0.8039850619860165,-1.2812760213351373,0
-0.8271931112254609,-1.5145670461114027,-0.3739060556881138,1.0833954523591611,-1.9764843745855978,0
-0.8530727599657871,1.3823429931090307,-0.08009233763492175,2.649907125524087,0.4507864725935812,1
1.7085745045019571,-1.3282402039723455,-1.4982081683472448,-0.42397804475623313,-0.8000788376419087,0
-0.048970997129306,-1.5711156074281467,1.6254537266095976,-0.5892768549736502,-0.9026395174704371,0
0.5355021265431641,-0.06124681729507342,1.1204215885343936,1.2728361842801328,-2.004102988241768,1
-0.6819133366703397,0.013255252354455266,0.7669558632224605,-0.4416345471296468,-1.45239216733798,0
0.15804025103835073,-0.8556067255807612,-1.0157286404815764,1.6917728964751544,0.39186494232942787,0
-2.0704759326249635,1.6567726596646632,0.26227612130687333,0.46559780636881365,0.31907181723563427,1
0.7510139424082088,-1.7092344330496672,0.07907600859403047,1.247634781251668,-2.54408809756537,0
0.6725352408904605,0.23159339352040342,1.3558323657684457,-0.4547231283114682,1.1587262546728778,1
0.39223738678932657,-1.63261340394809,-1.1185786018610595,1.2546398414571602,-1.3482552754367607,0
-0.6107632154293381,-1.3580753870946494,-0.21350536156024988,0.8067127259765969,-1.509783226625527,0
-0.3587044399690503,0.06045433148240404,0.7752572677533365,0.8896426117514322,0.44980788628884605,0
-0.15449217464334614,-2.4101527457961374,0.09130467182097353,2.2910863141223428,-1.5073757746462082,0
-0.24080525746795706,-0.8352839435079165,-0.44157473628931865,-0.8342333605765047,-0.3966462681114104,0
0.5092368459075896,2.5258117567524168,-0.2330983821508167,-0.4767572149569351,-1.246803074713256,1
0.45990996407286444,-0.6558028822167686,-1.1511228408021963,-2.035614331487858,-0.21159087625355272,0
0.23125518047143553,-1.3275751857285136,-0.45164114443281134,0.3199276114026542,-2.829019077075053,0
-1.5927540236552442,0.5438986627056637,1.0241886119297614,1.5736187512115545,-0.6109982497065936,1
-0.09582673912451926,-0.2952725436129257,-2.5945549843261,-2.268809017498238,0.05725559603200034,0
-0.8475619317939238,-1.0329367488107883,0.15982486168818008,-1.3829235900670058,0.19033728564369398,0
-0.8065077823056259,1.5139584890270588,-0.3446801142016289,2.2595892168082403,0.6513299548172575,1
-0.32743283097136433,1.4574908379217106,-0.72439943343751,0.3046195110411145,-0.5359383512496944,1
0.24461950391823767,1.289930746951687,-0.18001517432046588,2.1413369535799402,-0.9645393138736429,1
0.17563960938150747,-1.1978850871706133,-0.734756655669283,-2.620647718188293,0.6552111556891709,0
-0.6215085094428308,1.7813654121538882,0.8574499305888295,0.820082440160249,0.4772177922457938,1
-0.06842627206926116,0.594206347139684,1.1760410346967582,-0.42790549311801573,-0.005173399506931825,0
0.22321846351530528,-1.1680011426272772,-0.8981983806754801,1.0992405456992473,-1.2052125478647135,0
1.4022924830884138,-0.11318939535236763,0.04800983953669083,0.20813436650164485,-0.1502865254708482,0
-0.7902152943330754,-0.1076117414822057,0.11107833684721818,0.9524406244905685,-0.10609447098419178,0
-1.6042927475482511,-2.0412552036370513,-0.8022642594919227,1.1259210346835395,-2.036838562166141,0
0.47760653274062204,1.5206544300471418,0.4789473974642795,0.3787455024600691,1.778931467809384,1
-0.4876089262735204,-1.5289016886392597,-1.7519364157920734,0.2582596275662955,-1.0937801434463692,0
0.041798152766146054,-0.05075647655650073,1.147954002290725,0.07621649653712231,-0.9288353577571946,0
-1.3984120234433597,0.28974275645767733,0.03812540792954574,0.9829632075255834,-1.0402300930143913,1
-1.7499203760768167,0.9441692837199143,-0.9274516358581959,1.4654961911847744,-0.5613095900168974,1
-0.5536317530023769,2.172267264467653,0.027922549288327603,1.6312689282341533,1.1464496465305138,1
0.8690939386816442,-2.584681871298626,0.563632797979293,1.5882638428708264,-2.5535559847534692,0
0.5869628284667175,0.8033371537825135,-1.4439806370209083,0.937886191074822,0.8590570007744185,1
0.16011016522151433,0.36336283270336,-0.8734402838144638,-0.29107748943279127,-1.5960207948030118,1
0.283053312994076,1.1470361050950142,-0.03185472391173361,2.9905069649456877,1.2085540554684917,1
0.7911106391462756,-2.1930467024664493,-0.030390837341555163,1.926451481402456,-0.9455720947889844,0
1.0044283992255791,1.262419793207618,1.1599898578846035,-2.661012277209289,-3.2117579350046794,1
-0.265996264075479,2.8779517583491363,0.3221612359725614,1.442758949255556,0.6526453116097495,1
0.8652622176338379,-1.0734226024965636,-1.3797954512150066,-0.9359049937469377,-1.0915996689551388,0
0.47668974452525037,-0.899479322299579,0.45938889508444625,-2.4684050447871457,0.5795233748828239,0
0.07067342663872561,1.317321877372474,-1.0762875387877147,-0.006764903765293734,-1.4791185770596602,1
-0.5482187230146232,0.811030889474676,-0.36829955688754445,2.1920292773460135,0.3884381820162143,1
1.9096343660581088,-1.7524084689624921,-0.18712244051408639,1.0774988528288196,-1.836564146549777,0
0.17580930436890302,-1.689961421718823,-0.4205399397299186,-0.9732337622536281,-0.13084092022873067,0
0.4740636826632139,-1.3498837829894426,1.2780414805937828,-1.0290912682949598,-0.8304970124151927,0
0.0535345988859835,0.294253346332668,0.19320863333908722,-0.3208308426395319,-1.3691321155680245,0
2.321623361655075,1.2057026890017235,1.7050221287046403,1.5454542462558043,0.31278632158781255,1
-0.05904411179010352,-0.5725123203796398,2.3226347909104557,-0.4817927838499533,-2.4110931139735103,0
-1.194759778343177,-0.5435309379165243,0.3135777680571388,1.4617257110651822,-1.5272719155037728,1
1.520137616200148,1.5208881622554864,-0.8268517102847422,3.0233519467617294,1.7443092682733565,1
-0.2777193005455466,0.4169595436836725,-0.2411166408489233,1.241623811919894,0.42626625237894383,1
0.23114649320465067,-0.21311416385251647,0.3380894214555812,-1.2486342394997796,0.495972288425786,1
0.9737539548883707,0.6382058894469727,-0.47975166627935184,0.154442197052899,-0.2502064773870695,0
-0.242125223061737,0.21590375500412398,-0.13418709965408981,1.2119869142026105,0.6739545195886638,0
0.026876296444407533,-1.2549270219849253,-1.1401900437926025,-1.1183282110367598,-0.6801828523844304,0
-0.6136351795605008,-1.123708749535618,0.36043845731350566,-0.9056565815246629,-0.116370795260332,0
0.15478572591763645,0.16543036731905697,0.527884919015615,-0.30299773720615697,-1.5938502532895025,0
-0.8156005986670968,-0.6712854602504993,-0.5924229271633354,1.030505344618592,-0.1988029631079067,0
-1.1917749100565567,1.4828931364527425,-0.9352285073710181,0.9397947101813071,1.628780012491769,1
-1.0513029413783201,1.6897967235478095,0.7113515501905336,4.642236458257014,0.480117704842586,1
0.1486997194870618,1.1304272602375984,0.2957128269860718,2.670631155010488,-0.39107185471973605,1
0.6068214791175286,-0.5942454386095399,0.6871117264929135,-1.4582753354727098,-0.7194160099730671,0
-1.517562433994231,2.0786030444241055,1.4019375382068149,2.705827135015786,0.7605268630539596,1
0.46622189473276376,-0.09175002960551804,-0.3096502998167566,-1.8174871529585948,-2.019954018684613,0
-0.9178444874774766,-1.2788970855991482,-1.211528655948087,-2.1114492227759745,0.1160216087894129,0
0.7919388921871491,1.6300822606260388,-1.2640219187776505,0.7862369479621564,0.6529036878341548,1
-3.122172322715675,-0.5097601904069269,-1.0373154716106097,0.2050911485887582,-1.0554093467954933,0
-1.0452013487261609,-0.8188356386443932,1.025650068869299,-0.9668809104343308,-2.136258844961677,0
0.5773571898666974,-2.117058891749159,-0.2773697545732771,1.313157999575045,-2.1965379840906976,0
-0.7955368464095434,0.26094731928897713,-0.22827043233742259,2.607351145691938,-0.3942387404798182,1
0.3375899423265104,1.0326917114313972,0.7997548098253489,-0.2981712792298067,-2.090886242845195,1
-0.5131988702188492,1.5642239831653042,-0.04222904508609501,0.20322242700817006,-1.4703444664201881,1
-0.15285343615758337,-1.428298996349631,-0.5732805105823481,-0.8298898488403014,-1.1613444058677258,0
-0.9670463998350868,-2.898476253299551,-0.6396865144498575,1.8995472621901572,-1.8991362834175296,0
2.0162249781332093,-0.9151993877075348,-0.09037678281525532,-0.7017849580797944,-0.7965958648813068,0
0.6707315501599068,0.6939637187150622,1.2265867174174985,0.5341980983918794,1.3721531364998456,1
1.0724238051572508,0.8167840154913699,-1.5013539463823058,-0.31614428865200694,-0.8410913592543154,1
-0.03261387474585849,1.1573158799879046,0.9175960545333606,1.2813991497327861,0.10148794909110533,1
-0.6612740154069621,-0.4061371009450231,-0.8319123841626597,1.4344307487246688,2.395826404357921,1
3.1735084399221223,-0.25768016818468414,-0.012641041897217792,1.808102822095684,1.0429405434956736,0
1.8715984987839016,0.05900603416169824,-0.2112305051570233,0.4869537736571968,-0.6718051592576268,0
-0.7146553111672636,0.0805997983562784,1.8133344598391954,1.5639268287141406,-0.6853386846564982,1
0.111131454123321,-0.7943797022298111,0.5280673310587474,-0.9620673360942105,-0.6639675840401218,0
1.1940594701448035,1.5681320280688766,0.960534065888083,1.581623266087003,1.1150251157454654,1
0.6369137505410267,1.0195765294255532,0.10555119395449741,2.6119494427961047,0.8854146490963675,1
-0.9576187546507182,0.5278543241632632,-0.6960867727403721,2.1595896023046035,0.6378086446664415,1
1.1060244650445965,0.4784374056667418,-0.34699993518747857,0.5560516570167926,0.1441920906414897,0
0.2808624944057147,2.790695464469543,-0.5838080134594136,-0.030001728256085852,-1.374646658719056,1
0.4015601899099661,1.7892312408027573,0.07489232729533302,2.992754840853981,0.9301852431447308,1
2.106669901693102,0.9527950377987282,1.0967559766374677,2.4559423350029514,0.5970470353172974,1
1.2619816788197138,-1.4455499002445746,-0.24237058617930451,-1.7055293125655129,0.43686413953162795,0
-0.518968030900463,-0.800499110763558,-0.5278374341446069,0.610934128019487,-1.4838764613735862,0
0.13748103384495025,-2.3154065903031156,-0.5581646785237115,1.7467108929889137,-1.5358294967243644,0
0.3996148204131644,0.6490430473350376,-0.6868645751911456,0.4248319967798833,0.8534283535712547,1
-1.3588201068568833,-1.257323223228409,-0.43099339557288424,0.002858450499013135,-2.183083369663852,0
3.346639968109955,-0.48520319257071726,-2.2130368623923564,0.025437584325427448,-2.163263470994025,1
0.35312232771999696,1.8933854487854769,0.19988854652855903,-0.06528374704491377,-0.22853195876176413,1
0.676219036160917,0.7900379481062142,1.038704074273557,0.98795652202657,-1.6490283083993662,1
0.5976686549438939,-0.6817006038515425,-0.022373670447365688,-1.9998429284123764,-1.172948481973435,0
1.1939759899145723,-0.8169941406961477,-1.2958922512607212,0.8313297339782543,-0.8017981045547685,0
-0.46714918500953173,-0.8682419400491841,0.357231543425529,-1.3807104864979285,-1.1290970098309552,0
-0.40884196155424607,0.4169334157361425,-1.2302816332276745,0.5442235043629317,-1.308637133840568,1
0.5700742303544019,-0.3492480268802287,-2.566284868016278,0.6664806399228969,-0.2509441375602316,0
0.05206521603148037,-0.9646496688825119,-0.18246589584768316,-2.986885779845281,-0.05471701819883967,0
-0.10549834577237521,-1.1466517797618283,-1.1368828183770772,0.982938020406688,-1.2884408623020636,0
2.0924517581215016,-1.2677029490098615,0.6834889861289455,1.0994203939824785,-1.1189702497544594,0
0.9324942796229425,-1.0867907811967021,0.38037467064937436,0.37327722272328095,-2.314987854467672,0
0.009716677594778492,-0.5217544413192918,-0.0758974489838068,-2.0573889738578197,-0.10418749342543321,0
-0.38424637843431686,-1.0603486398225588,0.7730499786838587,0.15150317230670163,-1.7665348046281848,0
2.1307609918648187,-0.1776188721978923,0.0628908785398903,0.09339869033887194,-0.9613627734947382,1
-0.6834308176954094,0.989051030251644,-0.7204099665510962,2.1030167825230146,0.5155903407511564,1
-0.8348565448586303,2.07684736768904,0.8527469771507075,2.0611185812460042,0.5866413099613803,1
-0.8451861002930957,-0.4534860412942949,-0.21422772776778953,-1.9135953581822909,-0.942335176458317,0
1.5536186412883208,-0.7152443348566688,-0.12089927169365586,-1.8059417213521158,0.15626495304150095,0
0.27722557821291416,1.1754755851548224,1.6586518793883345,0.2657551526360639,-1.1239926086018277,1
0.6228265253924468,-1.6772249904985754,1.0464075365343446,-1.305501566774088,2.2637384956168374,1
0.2881443226569034,-0.8148101911643408,0.46160060590842866,-1.3788579273525634,-0.16245550355779226,0
0.09661922282839126,-0.5919113055864825,-0.41112558435669766,0.42043168807897063,1.7761697393897726,1
-0.6114035927925473,0.6916001623072314,-1.5966511586682148,2.719992300165187,0.24541338316767086,1
-1.654898513288144,1.6987115921111011,-0.1496816625768156,4.008191611813052,1.0713996166456632,1
1.7987314680844313,-0.07363037383311466,0.3651618980537884,0.7496025621667949,-0.4566624454798983,0
-1.043265142717375,-0.42939377898551967,1.568911057488548,-1.1382316519071902,-0.8284415624481621,0
-0.1739267810948644,1.074767181282769,0.36055508615309034,1.4803044286895468,-0.33652954834731397,1
0.07903717255598725,-1.3872033726103175,-0.961584214798693,-0.5701079286773363,-0.38390078079953716,0
1.946783085279854,-0.5438334224519981,-0.5072128351372246,-2.017170597262395,-0.27237512682057774,0
0.6325242833847529,1.408685002854195,1.0441490650540655,-0.45851791547494963,-1.8511747387428044,1
0.7889691748823722,-2.0184458832104055,-1.681506722990455,0.9461362465370968,-2.3348001409951458,0
-0.4563410660222911,-0.731501830159687,1.156521187229059,-1.1663912560550782,-1.1080167556311291,0
-0.49037770380761236,-0.2507110381968687,1.8343215756442743,0.8455917702847595,0.2475504732406169,0
-0.20458758825866075,-0.8723145363797763,0.8412332950017559,-0.24223106908266134,-2.0572076947987568,0
-0.6090301706967365,-0.56654087600858,0.768350303220467,0.4499872605057694,-1.8078705836887776,0
-1.5475013772794686,0.8298223115305409,2.7425259927381553,2.7391967805380206,-0.9635074586863605,1
1.8280251219502859,0.7154251659670622,-0.9112839436625239,0.08410030076385838,-2.6988988813757633,1
0.8771367411466818,1.4851797634677482,1.1781395704215318,2.2828322430276247,-0.1374986134030385,1
-0.44483706018359115,3.6648351284385186,0.13603702637935416,2.2468616857622554,-0.23150764381232428,1
-1.6051224400800392,0.06332320483008355,-1.4143150775626632,1.8342320216555632,-1.4225575429545725,1
0.18706185317275975,0.05928559633031458,0.27528068655459453,0.7065158533891199,1.9484063712064608,1
-0.8659561576709581,-0.8843315771904796,0.6363867562716393,-1.3801425385809436,-0.6059406378446316,0
0.5815505784501376,1.2681656319760803,-1.853153653196121,-0.1312108916195087,-2.444020407308817,1
0.08382764017115513,0.92538571017484,-0.8296457839250206,0.6426159452616317,1.5619952642308297,1
0.3078731189130439,0.23299194320130973,1.6336242333898086,-3.875155696102446,0.050550534543236644,0
-0.7721915948728089,0.28832720401151046,-0.30046496166926,0.058708699898528255,1.1832696255735407,1
0.7049804293356972,-1.2499177786029356,-1.046430671499688,-1.1525026226506834,-0.8628974608156053,0
-1.202346348444522,1.800921527274806,-1.4292527173934495,-0.08194922348274192,-1.2678549986438221,1
-0.1296571150964962,-0.5719482035934826,-0.11781748959969013,-1.9182237910313042,-0.8095241937826184,0
1.5655121334070143,2.6148923913515305,0.2833512880303292,0.986190858789557,-0.5201816036644872,1
1.3671921908594598,0.5670444449228409,-0.6567500056413641,-1.4955976628347014,1.0287793049070757,1
0.9002114150518188,1.941322861336331,-0.33827973870584116,2.7174471065993746,0.34372893167100005,1
-0.3487164853983641,-0.14686809516214086,-1.9487377837436535,0.2738646528162543,-0.616782920696632,0
1.0874434728117217,-1.6503904582260687,-1.042267360915599,1.0286428216527157,-1.6771835989477422,0
-0.86445479325076,-0.7810196746147471,-0.06822571465854849,-1.5054328646796948,-1.3877059396836942,0
0.6129114496441267,-1.0922540735245156,0.6371758848983202,-1.5547777459975605,-0.6391416903723774,0
0.04421379392153983,-0.8861757215901339,-0.5915315629898464,1.4790127542676306,-0.13110736616014068,0
-1.4003977568291457,-1.7576903660190735,-0.7496710008128027,-0.44830658850601285,-0.7167273907426456,0
-0.21987741254946158,-0.31105646952174115,0.17187129084745434,0.6785115883435779,-0.8042484849058303,1
1.3800548642203052,-0.4307517369403835,-0.16414232388066743,0.9682529718209705,-3.429378259640835,0
1.3551946566609385,-0.4658472764254509,-0.9283529164964246,0.5183152845064083,-0.5968489148531566,0
-1.0139779559581876,-0.8438009263023434,0.8169207848998195,1.8854217560833428,-0.15585194153736387,0
-0.3627708072416694,1.3015361016400977,0.6335384095903147,1.4565031955966883,1.368694510055047,1
-0.4487289891657145,-1.3963825340241902,1.4017347037258057,1.328791108936605,-1.0049232673570483,0
1.4026743754371194,-0.9303288654034821,-2.163294328175981,-1.9923569208401728,-0.09451652351382014,0
-0.39795770432212496,-0.23844808223843456,1.5811643348107396,-1.5998423101837065,-0.8289300256635417,0
-0.6768264963167245,-0.6410768911961726,-0.4343182952681296,-2.3614013184705875,-0.721836957319296,0
0.5442974520928208,1.0458724225233247,0.07698969932628191,1.1334046939013986,-0.5224821986532127,1
0.5643390125220552,1.5107634356546356,-0.022890565988246857,0.7002270685182582,1.7433438869176963,1
0.7251231101379179,0.6937881056405727,-0.0806745602505532,1.051874445609341,1.0112757946754192,1
2.0994406231274345,0.3511749303481452,1.5847742586181253,1.1780534978489345,-1.1292099085592227,1
-1.7698304661117674,-1.469589806831807,0.6356482767529741,1.3002821893365375,-0.7228263711708965,0
1.2435546401838182,-0.4902385263795267,0.7272356162203625,-2.999719915015992,0.9771790772797277,1
0.8325384743265352,1.7780181763886163,-2.1878827847174582,-0.0799053050757105,-0.5385745021888126,1
0.6000057892294453,0.9364415143998953,0.30680033129584133,-0.4236420058529017,-0.5218477883952692,0
-0.1635424868057541,3.085119266321958,-0.2822109159885342,-0.17457859115581192,-0.7277307056091314,1
-0.06552886254240184,-0.9488187962128202,-0.12463985673674932,-0.7370988931700186,-0.5434511713885158,0
2.1650227330839407,-1.8693601499730723,1.1498457692622492,1.0107836578184866,-2.020103553915951,0
-1.349035336885771,3.38860069026488,-1.6921586501465864,3.8054116949392616,-0.20891655785815688,1
0.6886749669107912,0.8407918940016428,-0.5555869763559032,0.5705604307421154,0.40428278904372916,0
-0.2583406049441338,-0.4821405989758969,0.47037192608591305,0.3563831904605634,-2.0281463586834176,0
-0.3925881758887322,-1.2585560537349245,-1.4671540211501104,0.015604357114901546,-1.4046610496480878,0
-1.2523862917621922,2.6010389289388423,1.5810444983367544,1.3734579760295735,-0.014747675550540962,1
-0.25531254615943966,1.2810615003964707,0.7414423592059531,0.4692906223183554,-1.3049601011098566,1
1.3080169590621722,-0.6247063425820492,0.6940998012307082,-1.4781878689022132,-0.8568839952418831,0
-1.7275120628414729,0.43767539436198494,-0.6249438934539197,0.6831265050827258,1.6563083695462502,1
0.19711135078670028,-0.5521036322612591,-0.04193402842082526,-0.7152968894888774,-1.346858635342655,0
0.6023977721624807,0.14297778845614706,0.6141533209826732,0.08688096385096597,2.01782007025645,1
1.537313846548892,-1.2443703619254713,1.1897756334217895,0.5101723112707786,-1.2164197294265477,0
-0.8007518083654998,1.1620436466531237,-1.7574833392204405,1.312633653046035,-0.5897764102284595,1
-0.6795441163302107,-1.1480857897674244,0.35394430253783427,1.033416151884977,-1.2211366772772576,0
-0.35720958227536603,0.6981103154592728,-0.07521459666427661,3.0858383650882293,1.5446156303630425,1
1.2464296975762272,-0.7675687807676513,-0.6260948820134267,-0.29164952282110346,-1.230987448216905,0
-0.5009002375393123,-2.2296868725325867,0.017126606938610345,1.3721178715249374,-2.5961956222539238,0
0.3484215628414731,-0.3951007644763461,-0.592476114600779,-2.38948322544513,0.3151483197483926,0
-0.8614486416129074,-1.0358472135375518,-0.17097368343342703,-1.3844386541639235,-3.5747206802569345,1
-0.8122691833943765,0.39928245156011266,-0.29729155478237346,2.3418442321282886,-1.0250477966545277,1
1.0578274313703364,-0.37681597695415914,-1.1745620816376057,2.0693900870958335,2.1572176158411773,1
0.4963446676714049,-0.4034282752034395,-0.13482418303856808,0.8289591619564337,-1.3334211487290446,0
-0.5748202988027604,-1.1719212054666972,-0.27982546454686263,-2.26225936929281,-0.19611257904332524,0
0.08065751699507537,1.4511079802609026,-0.10201523273782015,1.3735211679332486,1.0206582336721857,1
0.4036583442633395,0.7311819712916645,0.41678511515223193,0.396726403095517,-2.144765414181222,1
1.3752952670881011,-1.50198767854376,0.6785166549792421,0.8221195591219668,-1.8895414033180886,0
-0.8700784286405996,0.9818478983808961,-1.1236978310413683,-0.7149649068773302,1.2857270951970836,1
-0.6422325404418802,-1.7889053503360013,0.10878164215961397,1.567736139159009,-0.6754295902343281,0
-1.4421839712463393,2.6402537807544237,1.4636147454275619,2.1927023029674575,1.1027799000290721,1
1.159662408626111,-1.7981785718980303,-1.6806698074963071,1.8113825902638638,-0.8386758010700845,0
1.5351454215544746,-0.3902127218463265,-1.6942959670455313,2.309625284491807,-1.1069832279450385,1
-1.2345828399227756,-0.7985092378375165,0.4517226682236924,-2.361492703208787,0.04684744956656589,0
1.5434374928002728,0.3730972905035217,-0.2789144228511808,1.2519483832526903,-0.7194637309805995,1
-0.7292668091133886,0.7645365043443408,-1.9987989895102722,-2.0436230427657227,-2.7868046727230746,1
-0.3736860320140487,-0.09805065444371673,0.627920129832413,0.052080107125600655,-1.524395842808412,1
2.242781496955602,-1.539981358263204,-0.880310061786384,-0.5875539630067854,-0.35295939900868706,0
1.5909925567510539,-1.7699291478344257,0.6225288901732339,1.9225651647023039,-0.7873731672508384,0
-1.3679547272788262,-1.36498812381996,0.7691646434232993,0.7381174037468629,-1.5556410635446496,0
-0.5902376509107958,0.4827802200185975,-1.2073834915210615,0.08143509826122877,2.0394583135011235,1
1.2935321921382863,-0.9608645255094557,-0.509608482198505,-0.6564697076998298,0.0351430673886068,0
0.023531264279925287,1.1348383043213481,-0.5744273238401802,0.3117300459213945,0.5000566513843459,1
0.6788769415974771,2.468143382802494,0.6831634989875993,4.03834828594104,0.32540048075785377,1
0.33795462922478475,-1.9277188463402646,-1.0971483820316257,1.2204554165902552,-2.0397379096979296,0
-0.9532494456755508,-1.298018867672977,-2.147871460921034,0.7094172927586934,-1.8987151117796481,0
1.4447156825650131,1.8000025641149582,1.720037456652684,1.6888733741270268,-0.36088804977651745,1
1.493020004427638,0.7011095747961842,1.0218371527439702,-1.0968708288427047,0.8483370854455808,1
-1.8892168762375419,1.0962829168911952,0.1664127035479691,2.5224241808421635,0.20381701647830164,1
0.5437463629883219,3.2164417273074073,0.3252157252718872,1.3759130917482327,0.14389854810826647,1
0.3740885189658441,-0.06547428346784001,-0.9149766839426755,-1.6932121882987186,-2.950344045818367,1
1.9029245735422973,-0.5757071088958952,0.7736056791759768,0.6086813053974162,-0.7140864159100919,0
-0.5413340853145275,1.4154649282085416,0.2625803860494735,1.3820453153510588,1.9077174804675388,0
0.09876770909700729,0.5674334387954268,0.9123880065407342,1.3206265500051184,-0.6772874307934066,1
-0.15194258175532793,1.5650817206417014,0.280886211842253,1.4056057483662356,-0.6447039958681426,1
0.9598854792566605,0.7075423554267561,-2.0335321364682457,0.4822023500542385,0.6186488772622905,0
0.0609067343024573,-0.5560775367558561,0.7278142751133542,-1.776229804061282,-1.0799222823090284,0
1.2216446092454243,0.16478560419422,0.05315766142238071,-0.2276418362328766,-0.6601897311877958,0
0.23780360893311964,-0.8575285798073011,-2.1146876110122586,-0.6801671764823902,-1.2877452149088406,0
1.2234846770646906,-2.2788455177802187,0.6469956348798721,1.5627288862459383,-1.2965972606126897,0
-0.7926397726219587,-0.8075959818459375,-1.225078785952018,-1.692106787273809,-0.9188325071665627,0
-0.21938061446051732,-0.32077860871911584,-1.3229148343200405,-0.6182168017092708,-1.7980500744959902,1
-0.26390101086388973,0.3406338133414903,0.07063871136346542,0.8899869208465542,1.2101044702437087,1
-0.5401771311023774,-1.709822890887826,0.608281376444604,1.1027141322529657,-1.9158100018584618,0
-0.8004655924489349,1.7152302926151803,-0.7289976502107437,0.5007337899111368,-0.732445042361843,1
0.39328493145820564,0.38754943104937556,0.29718757555150416,0.26721642953529434,0.009655938985219575,0
-1.2444517996670799,2.7858875537595353,0.606235030341227,3.9512059306318807,0.24172015157771104,1
-0.20150199152756992,1.9104886516112298,-2.5334979481049116,0.5289626627428696,-0.9881545618221409,1
0.9638206715126211,-0.642307163085288,-0.3872886225693685,-2.2571220699072705,0.7694510224932062,0
1.093091245017709,-0.828688344608722,-0.2803496886639546,0.009651887455665493,-2.376735165370074,0
3.083967541736954,3.4752607761275938,1.8986521703789934,4.6565547905607625,-1.3025205453843147,1
0.7643539210847021,-0.671618211185495,-1.1624298746849646,0.5435183206475943,-0.7102718829446132,0
1.6510097545102245,-0.27166633105011256,0.03470194400167982,0.980467939895908,0.5406043062594602,0
-0.3897536651467368,-0.749404126635371,-1.333271501371914,-0.8483030097156696,-1.3010643759386995,0
0.2553558192086509,0.290332445396261,-0.6653841265686383,-1.1210648882433578,0.7882427136672958,1
-0.44793605380288515,1.3492708765664332,1.9149083566121907,-0.8774349224089566,-0.5805003274753382,1
0.6910861486248436,1.3497394099757056,-2.0641044084260574,0.692815904085955,1.0077254915474583,0
-1.4519103697308808,-0.6261767126749933,-1.3742203418106258,-0.038044785373519005,1.5212734969557122,1
0.8015244182218442,0.9727923314610029,0.9001616386991266,1.5680604324246263,0.6367958573232725,1
-0.1503677215272333,-0.8029113176675405,0.24243343648933147,0.671674503248881,-0.9324211765465781,0
0.2803456000536268,0.9818907520623383,0.8539342423283305,0.5357260079846091,-1.4857172085138026,1
0.004124628590490745,2.4658060605029677,-0.4962300246975206,2.1340728426264475,0.7121786862811603,1
-0.21913445682942514,2.533096048405438,-0.29784483166393605,1.9836855841558183,0.6959107464328481,1
0.01789280051202949,-1.101615051771526,1.007918827009657,0.2651741585874736,-2.5019424858226387,0
0.9815201139359899,1.3447261389553813,-1.749015847787056,2.8259354980786804,0.3086438989725603,1
-2.203500059463485,0.30219834642170473,-0.8001257040032952,0.35791271262916063,-1.7643742570717758,1
-0.29744278237742516,0.8294346064709477,0.9390777414073901,1.0354715150547185,1.0092724166814817,0
-0.6316969525188265,1.861129378233465,-0.7232190965575226,-0.9098798990714525,-2.317075018301679,1
0.1853810879845817,0.7586105119701937,-0.5615879792098106,0.6360982863188174,-1.0609322955110003,1
1.1957634843876255,0.6548619900349014,0.7938387094894497,1.3182689630097686,0.28547754788210533,1
-1.1159053213338026,-0.16998629471436755,-1.0268282396977637,0.8745014947904172,1.9387100497587455,1
-0.14512694022680483,0.2450118323520374,0.7121359849061726,1.9470346566366885,-0.741571042204656,1
-0.720686420267596,-0.12873663838219387,-0.5241567161529792,-0.7621294958019481,1.5080478286847845,1
-0.1805512193466754,-2.0001759454910473,-1.4518135356120516,1.9783842038592634,-1.3975655929292814,0
0.0008126804294368434,0.2917053058770781,-0.5182148354239744,0.32402484909269397,-0.614274482851227,0
-1.5791593403160897,-0.8862736633176703,-1.2551400919892195,-1.1977222658278657,-1.1066599587258814,0
0.5454711990659913,-1.3659179101121839,0.48037782340706187,-1.0237906411696005,-0.6214486912970412,0
0.8254742500669904,-0.5409166202945375,-0.28990854549450196,0.676592308433267,-0.45738950853858995,0
0.32312613153744546,-0.9453890435234386,-2.2415257545008442,-1.5353975205850772,-0.950176827541463,0
1.2479594565262206,2.4777320231862223,-0.24280966878973612,1.1678204006195916,-0.20878057546101197,1
-0.9447047579764025,-1.689313344477775,-0.25324327235959376,1.549334922138729,-1.0074709297472628,0
2.188806070355773,0.21370499918784178,-0.18170742369641624,0.9404151351193637,1.0780493501391575,1
1.2587065243036157,2.365787716014179,0.7753669376391892,3.555836471867922,-0.0922893252451007,1
-0.4533770213703593,-0.000502592839087268,0.6690133893504873,-0.7350147886049492,0.9123933393534445,1
-0.4724797943601359,-1.3362923429074285,-0.5239239093684187,0.3081916268154065,-2.0727385978688253,0
0.8467812141372861,0.04467926061024968,0.16504298888405747,1.3439869531361524,1.54251502923022,1
1.571666526916025,-0.837263655623213,0.5554868004302754,-3.2044118748096655,0.23245469504426625,0
1.1700959761331426,-1.3354733038217221,0.4342838090500645,0.42827725062491906,-0.3983517155222812,0
-0.2729203202902785,2.4672103531541993,0.9078036895577142,3.766976719595331,-0.5012311948261654,1
-0.6348990261790167,0.39299431524281636,-0.09443385303226799,-0.24010402311976936,-0.9264230325968767,1
-1.7169798684069528,-0.8619834396907482,-0.23431018513784793,-2.423779809307356,-0.8937310784048365,0
0.9337103442216765,-1.0936526372426645,2.394505916014169,-2.8941977582724197,0.15476368971010668,0
-0.902361230755278,-0.8283529455446408,0.3678502555599299,-1.6253314199378224,-0.4089247927578104,0
0.4152940391121218,0.8337909379676012,-0.18033065725737463,1.7006950369525964,-0.1872972974455227,1
-0.5816143383686745,-0.6772992804802541,0.022685554671206754,-0.15729127754645433,-2.1528009661267307,0
0.08514808326687623,3.0682608301549066,0.7697862508394087,0.968508283075955,0.3236947042390629,1
0.3287184300997439,0.8781043316400617,0.7552573078925551,0.3638470383705287,-1.195652665836268,1
1.4474845734811208,-0.4960551446265383,-0.7729524255194021,-1.8384949162032118,2.203583662904699,1
-0.3349862257613112,2.7422811726157423,0.3832541202165944,3.7809555187534363,-0.3270296666766172,1
0.3884449701390046,1.4220443776657457,1.0057381743734517,1.5199685087818524,-0.42651946179997124,1
-0.45440073458263763,-0.17149614061083057,1.437859381519296,0.42658965317300296,-0.4849977237569282,0
-0.32716009989346606,-0.6823711504757991,0.6909606537969286,0.3857465520268093,-1.7817325180378962,0
-0.2671779747586489,-0.720855644309974,-3.1371614116535467,-1.4581858562023902,-2.744834570930354,1
0.2208665003269969,0.02303273802085086,-2.081297370166621,-0.09382770873424459,-2.070828219407966,1
0.0897795729941132,-1.4993288827723954,-0.5559875874791804,0.10830891370629162,-1.4684854364338242,0
-0.5342834663005469,2.2285325738233097,0.6694403851882962,0.18181837086880248,-0.5387166119560365,1
0.25587298236080414,-0.1390257338878998,0.23509720396959627,1.9382303439195214,-0.3171368348413498,1
1.8002376753293585,1.3552356366092764,0.050034090977562395,-0.8527541676537967,-0.2776758302552428,0
-1.1468103158512908,2.1967310228241836,-0.49865794069182434,0.07620621150415827,-1.7802449325338445,1
0.6212130783893113,1.7676667559019037,1.77953401564124,-0.15271637240638516,-2.3377034488153114,1
-0.471274015239462,-0.7995064001816606,0.536529134783529,-1.649128584254626,-0.6879633323072119,0
-0.1544385579575425,0.3975219751655546,-0.588560283875966,0.9393008879285631,1.7757679586089583,1
0.8029338358545097,-1.3435782129392968,-1.013531135425969,-0.11521305944818966,-1.9037110950843394,0
-0.42308810781992034,2.190866730663712,1.7650863212827044,3.345749197284469,0.691480680857878,1
-0.5532524246100037,1.462885398755627,-1.3224738144968715,2.1822352406446948,0.4941518581302102,1
0.9160918898039039,1.658706144292256,-0.011210356449387088,1.4572367628626834,0.4663436340265192,1
-1.4400370639442632,-2.0352531554469175,0.05352508930182248,0.3949444283871504,-2.789240156692857,0
-0.3734720172062094,1.9562457606946961,0.2929641245602439,1.5382298786215134,0.8150198853086618,1
1.0144870057699298,-1.865037768525277,-0.3735913912168843,1.1273293610885542,-1.8778402061783148,0
0.29969208006755066,1.2929350665135986,0.5761571867282285,2.870792883971186,-0.13210128964862336,1
-0.5800614256356491,-0.32877017196651204,-0.38428494207237485,-1.6703137268530646,-1.4791157632055747,0
1.0349702335245274,0.01813184691504452,1.364348740397616,0.05651202480155848,-0.6114145810329036,0
0.957317716495055,-0.8457379565670681,-1.316643385229979,-0.22373628972064175,-1.7976030878657967,0
0.1905679480428277,1.8973711138176086,0.6114999679867392,2.258315128488599,0.02037394676183954,1
0.18343352212286715,1.5980869555499435,-1.270186907056153,0.4518360292406637,-0.965071466673258,1
-0.2916849893763763,0.17597913653698452,1.9067528811186396,0.5987459217427712,0.026881323430029164,0
0.293519303786413,0.22029700188351803,-1.1150566492469864,1.033095588369742,-0.8357386315876341,1
0.2247023038720257,-0.809552019543154,2.0150159175070126,-1.258622157702541,-1.312360796011135,0
0.912220223416939,1.3756190995362343,-0.2912101234783742,-0.03717449779787088,-0.3428622461984911,1
-0.7115197280653343,-2.8023122525961193,-0.6322511176391687,2.528424801213245,-0.8900688599220072,0
-0.9668870274038737,0.4004515171348824,0.35208234483261913,0.28118368505373736,0.3032698776983626,1
-0.14624635872935002,3.8649856294184293,1.1341059608346187,4.63124756581858,-0.8096001386990774,1
0.36587541117614053,1.4288161214489394,0.826060434485566,1.122812117519028,0.1265375439287978,1
-1.0086720514715983,-0.38687356934573786,0.7651658807977872,-2.562260923056564,-0.2330168507390356,0
-0.16690480375467853,-4.0489067909540255,1.3323592316821693,2.1076996582170957,-3.2682505059566456,0
0.8862134444107819,0.057629067921400295,0.14769031730996224,0.37358541568915293,-0.18308159031984467,0
-0.3401616095055474,1.1013391583718104,0.8252543258190369,0.835179517042499,1.3596878048965593,1
0.4884218756274662,1.6587015342328673,0.5302411464157276,0.7291874213376931,0.08251691906148662,1
-0.11979764892912248,-1.3694173087773014,-0.8196861331391115,2.257263983968763,0.19080178987505636,0
-1.1549763009636087,-0.8645100295947646,0.11553723124346879,0.40294453571251315,-2.5791813900549374,0
0.4604023957514807,-1.409224212141319,-1.0958306760263419,1.4307546954004713,-1.1487794489090752,0
-0.5936456440512788,1.3383575229499007,-0.35307649190672924,1.6102394972463288,-0.6603757065356302,1
-0.6351126499891692,-0.10140677323929315,-2.2291811652915774,1.7680147450812636,-1.6243785524062002,1
-1.01025523065015,-0.8903377408487585,1.6924362471300292,-0.8407168041827509,-1.0895576391896076,0
1.0199034902658697,1.9079344185136826,3.03824384337649,0.6351590305004895,0.630987014372778,1
0.5096552373801221,-0.926911458845383,-1.3714818639177817,-2.310178032027129,1.05529410493887,0
1.093452286648233,-1.8787686847374516,-1.59231327031597,0.9287775610694573,-1.661017820960273,0
-1.411281395394767,-1.4951217176552007,1.7898694788161542,-0.8796551501513421,1.5709124960969136,1
-0.19070213091430463,0.7948947915246254,-1.3875823024788747,1.7134706124757288,1.2843707257114,1
0.337976935069368,-0.1970701975984425,-1.7113830358370068,-3.5253850563099576,0.3302797098428072,0
0.46072324758672206,1.7857304288314486,0.48206567428982944,3.030565458223384,1.0537686259672467,1
0.219699594908706,-0.14637341885127222,1.5643244411558193,2.6285929338736844,1.750513758157035,1
-1.4081326146421,1.9035338708380392,-0.1495877274229201,3.1998035341472204,0.4804596766248366,1
0.9125265083261391,-0.7045580486927192,0.74815431123474,-1.5499879512263797,0.9499490270189814,1
0.17735396093496603,-1.0467257907315655,-0.5442540504785692,-1.9809273750814915,-0.21507404755916534,0
0.20510859473447604,0.49806987540417325,1.1726287679719465,0.4625954323921293,-0.9822353084441439,1
1.6482100640685622,-0.24245061249305638,-0.5206904160786507,0.37262275101061426,1.6281004343789784,1
0.4552326574071405,1.7191728445310193,0.032191224992143,3.360015046783495,0.7259288281518281,1
-0.47101321237989113,-1.3093333143915877,-0.06298622787684821,0.04994322045140863,2.6154684173604563,1
0.021963476955645787,-0.07794609852372042,0.7127800480746957,0.8380967128696051,1.1950645490303067,1
0.8230630999638019,-0.09635598777983258,-0.20350317617125496,0.5782680417291807,-0.7940669371675253,0
0.5722729048732798,-0.6211420643214343,0.1481956097743983,-2.407079243761718,0.17253914768279893,0
0.016933101560870953,-0.8860274760925364,0.08642967081220772,-2.6511816965175004,-0.2617152650346879,0
-0.6984435771021539,0.6437371405882009,-0.9311299151288495,0.14331343729418358,-1.8803841946569524,1
-0.7234738010723512,0.8297159587231766,0.28444126672416215,0.9507624878621892,1.2772918419898276,1
-0.003362225483841741,-0.8400435566414919,-0.39666259637659884,1.5190095298619295,2.32575089620028,1
-0.9200123093974187,-0.8411804857867096,0.6192118316956365,-1.545426172046243,0.518128783714045,0
-0.22914167859375273,0.5523522210628886,0.775901069417003,1.1084654250971806,-1.122463641378045,1
0.1324511144112543,-1.0756742457253785,-1.0286404472910904,-2.106010856432533,-1.3586278633545859,0
0.6574859594870284,1.1900221226116656,0.8590901495651974,0.47004031174892796,-1.6836527349927473,1
